plat,label
DN7370Q,DN
DN5490AHF,DN
DN5291T,DN
DN5834RX,DN
DN566CKA,DN
DN4526FNA,DN
DN8422FQ,DN
DN869OF,DN
DN7049PV,DN
DN5411A,DN
DN1284US,DN
DN6496I,DN
DN8766EYI,DN
DN2658CC,DN
DN2147WPU,DN
DN289SN,DN
DN2834ZJ,DN
DN4758OVQ,DN
DN1367W,DN
DN3656PSB,DN
DN8938F,DN
DN5493H,DN
DN8533CG,DN
DN7613C,DN
DN7141HQJ,DN
DN7199JFG,DN
DN875YQP,DN
DN8326ES,DN
DN3252EJ,DN
DN4043ZQ,DN
DN1121OR,DN
DN3943VU,DN
DN9792FAI,DN
DN6973GF,DN
DN4397YW,DN
DN1095IR,DN
DN7729KXL,DN
DN9567G,DN
DN7969G,DN
DN6963O,DN
DN8629GPX,DN
DN9368KF,DN
DN4959Z,DN
DN7308N,DN
DN2162C,DN
DN164B,DN
DN8106C,DN
DN5563Q,DN
DN2127UKB,DN
DN5358JZN,DN
DN6836ZWA,DN
DN5992SR,DN
DN6284NGQ,DN
DN8492CL,DN
DN3204LYW,DN
DN2554GN,DN
DN9096EXW,DN
DN2831HQ,DN
DN8254PDT,DN
DN5156OUN,DN
DN8210AI,DN
DN3940A,DN
DN7485YWV,DN
DN7010HB,DN
DN9162WYC,DN
DN4588MBT,DN
DN5234TD,DN
DN7821M,DN
DN7958OGW,DN
DN963LFO,DN
DN7508S,DN
DN6119FI,DN
DN7674ZQL,DN
DN6992NDF,DN
DN3342I,DN
DN1159P,DN
DN3257FF,DN
DN9889B,DN
DN2793QF,DN
DN5550XW,DN
DN5692BGR,DN
DN7492F,DN
DN1406DY,DN
DN6876O,DN
DN5964MUU,DN
DN7626EC,DN
DN5675LLM,DN
DN4513S,DN
DN763RZC,DN
DN8094KI,DN
DN1595W,DN
DN3863G,DN
DN1953E,DN
DN6685LK,DN
DN7654H,DN
DN1736G,DN
DN798Y,DN
DN4837LW,DN
DN954O,DN
DN5955B,DN
DD6628ZVZ,DD
DD5349Y,DD
DD1807WE,DD
DD5891MF,DD
DD5635KBJ,DD
DD5031ZGU,DD
DD302LKY,DD
DD9058ZO,DD
DD2427S,DD
DD3031EH,DD
DD297ZP,DD
DD2030OTB,DD
DD6387P,DD
DD9439NWE,DD
DD2611Y,DD
DD759CEP,DD
DD6646RG,DD
DD2086DXG,DD
DD8438PQK,DD
DD1943P,DD
DD3076NYF,DD
DD2485S,DD
DD1902G,DD
DD6716KR,DD
DD5634HI,DD
DD362TB,DD
DD8915L,DD
DD2149Z,DD
DD5523ZB,DD
DD4648F,DD
DD7258G,DD
DD7500YWW,DD
DD9974JEV,DD
DD4599SP,DD
DD9988ZRA,DD
DD1748VH,DD
DD4299RY,DD
DD2657D,DD
DD198D,DD
DD3061CO,DD
DD4533HP,DD
DD2969SFQ,DD
DD1056G,DD
DD8452M,DD
DD4593X,DD
DD5011VCL,DD
DD1318H,DD
DD4835A,DD
DD4655UQG,DD
DD8150TO,DD
DD3546LA,DD
DD6993BW,DD
DD3536XOV,DD
DD5995PDD,DD
DD325I,DD
DD4993X,DD
DD7122U,DD
DD8096WXF,DD
DD7783GCU,DD
DD7779W,DD
DD7439KQ,DD
DD1169E,DD
DD1160Y,DD
DD401W,DD
DD706ZVW,DD
DD799A,DD
DD9431TIY,DD
DD1080UWV,DD
DD1284GUC,DD
DD8419WW,DD
DD1916FV,DD
DD5954LH,DD
DD669UFA,DD
DD1995FI,DD
DD3963WZ,DD
DD7555HQK,DD
DD1786ZN,DD
DD7906YCZ,DD
DD1509EZ,DD
DD884G,DD
DD7660CLS,DD
DD7443IPN,DD
DD5696KO,DD
DD2906GS,DD
DD6086AY,DD
DD8816NS,DD
DD3050T,DD
DD4880R,DD
DD6755JB,DD
DD4595RI,DD
DD9263IWS,DD
DD6714HIK,DD
DD6019KHD,DD
DD953KYR,DD
DD3869XQH,DD
DD1248OA,DD
DD6557HL,DD
DD7609P,DD
DD4877RM,DD
DD3954LF,DD
B2591M,B
B3224X,B
B5322UE,B
B976CN,B
B4242QIV,B
B7066T,B
B4565RF,B
B1793FAG,B
B4852MWB,B
B5277KQF,B
B9661S,B
B8408MG,B
B2938RAT,B
B7660U,B
B1764CL,B
B612EYN,B
B7905BG,B
B659W,B
B7504L,B
B3443U,B
B4170RZP,B
B680YX,B
B7104PSN,B
B8230VO,B
B1779XTM,B
B7353G,B
B9535G,B
B2241QT,B
B6717N,B
B9927Q,B
B7521HC,B
B4552HHI,B
B5981OD,B
B2949GSS,B
B7005BKO,B
B2589K,B
B9307F,B
B4711KXP,B
B9187SWT,B
B951JA,B
B2527J,B
B4100T,B
B2838WYK,B
B5832TOP,B
B5636FF,B
B1166L,B
B4207AIR,B
B3473KE,B
B9045MDQ,B
B9067A,B
B9917KO,B
B517AQD,B
B8908MBJ,B
B3367FI,B
B7768TJ,B
B9808TVG,B
B512C,B
B7264A,B
B8967OZ,B
B6088J,B
B3067QUQ,B
B1222TY,B
B5204FAD,B
B2243DRO,B
B7457F,B
B3540STE,B
B5744PTC,B
B3014V,B
B6017Z,B
B8887C,B
B1465A,B
B798IRY,B
B495K,B
B7500SBR,B
B4271Q,B
B2602CU,B
B2882WPD,B
B5586Z,B
B7366U,B
B5688J,B
B1267L,B
B1162J,B
B7960NI,B
B5405WVC,B
B6641YQV,B
B4829S,B
B7430LTZ,B
B9024HVN,B
B8110ML,B
B4946T,B
B7341GW,B
B2639V,B
B1642CW,B
B1291GM,B
B7038PJ,B
B9509A,B
B6272W,B
B5641EFU,B
B9680I,B
B1465W,B
D8802SHA,D
D4412Y,D
D9447CS,D
D7519MTR,D
D1910Q,D
D3023MU,D
D4286CF,D
D6077RHP,D
D4368M,D
D4949NL,D
D9373T,D
D9186I,D
D3172SHG,D
D604DFD,D
D1631N,D
D7676T,D
D5129E,D
D233FM,D
D3727S,D
D6416Z,D
D5010N,D
D4275HC,D
D5448FFE,D
D6290A,D
D3476NH,D
D3586Z,D
D9688OS,D
D8153DWM,D
D2803WOM,D
D8220LEB,D
D1453YM,D
D7675V,D
D9437KB,D
D3819QB,D
D7583DO,D
D639H,D
D4935ZDT,D
D7202P,D
D5420U,D
D6232F,D
D2879N,D
D1681LLW,D
D3424ZH,D
D5813QPT,D
D355Y,D
D1938F,D
D109FR,D
D7509EEB,D
D5224ALP,D
D1115H,D
D2293GSS,D
D7549LRY,D
D4025UQR,D
D7038Y,D
D4100LO,D
D7366QXV,D
D484B,D
D8275EHT,D
D2100O,D
D9960HD,D
D1560RSY,D
D7240N,D
D4909MC,D
D4278B,D
D7345L,D
D6097I,D
D4880G,D
D8039CZ,D
D4644V,D
D3519OYZ,D
D7339RHB,D
D349TM,D
D870QXE,D
D4463P,D
D1177Q,D
D8001MCJ,D
D6644IRW,D
D3474ISH,D
D1352Y,D
D4773VOL,D
D4630IIZ,D
D6981KN,D
D9621ZR,D
D8117OK,D
D9650EJT,D
D1431Q,D
D4361T,D
D9650FO,D
D4954YL,D
D7830S,D
D2280D,D
D7143ZP,D
D6427G,D
D5549E,D
D3679O,D
D8041O,D
D5669C,D
D6369ZXL,D
D2006DVM,D
D860SNH,D
